1,Obed,Lodge,34,Brazil,Handball
2,Bobbe,Pashen,29,Iran,Tennis
3,Othilie,Gile,20,New Zealand,Handball
4,Malina,Horick,24,Germany,Handball
5,Gale,Bummfrey,39,Costa Rica,Boxing
6,Giacomo,Lavis,25,Sweden,Baseball
7,Redd,Moffatt,24,Iceland,Boxing
8,Millard,Cantera,36,Greece,Volleyball
9,Pippy,Kerbey,38,Canada,Fencing
10,Gage,Skalls,20,Morocco,Golf
11,Odille,Golledge,34,Canada,Baseball
12,Hailee,Yelland,36,South Korea,Volleyball
13,Holden,Bocke,19,France,Football
14,Camilla,Dabourne,28,Saudi Arabia,Fencing
15,Basil,Twidell,19,United Kingdom,Fencing
16,Denyse,Leadstone,18,Italy,Baseball
17,Abel,Oldrey,39,Russia,Boxing
18,Clare,McGuinness,23,Colombia,Basketball
19,Cissy,Remirez,18,Mexico,Fencing
20,Jill,Natalie,25,Panama,Tennis
21,Samara,Hellwig,33,Senegal,Volleyball
22,Karoly,Domney,31,Egypt,Fencing
23,Penn,Ropkes,35,Panama,Swimming
24,Traci,Defrain,25,Colombia,Basketball
25,Morgana,Reimers,29,Argentina,Basketball
26,Tandy,Comello,27,Italy,Golf
27,Dehlia,Cheyney,22,France,Basketball
28,Axel,Huckel,22,Peru,Tennis
29,Ania,Ping,34,Croatia,Handball
30,Rheta,Donaghie,40,Brazil,Fencing
31,Grantley,Faire,34,Serbia,Tennis
32,Egan,Shopcott,37,Poland,Boxing
33,Nichol,Toomer,38,Morocco,Golf
34,Rozina,Ferroli,21,Uruguay,Tennis
35,Derek,Gravie,19,Switzerland,Boxing
36,Web,Wordsley,27,Portugal,Tennis
37,Nathanael,Coch,22,Iran,Basketball
38,Laetitia,Ledekker,33,Morocco,Baseball
39,Anatole,Riggoll,29,United States,Swimming
40,Lacie,McKinnell,29,Morocco,Baseball
41,Diane,Handling,33,South Korea,Volleyball
42,Merrily,Cockrill,35,Colombia,Baseball
43,Lewiss,Peye,40,Russia,Volleyball
44,Adams,Martynikhin,26,Turkey,Baseball
45,Stacia,Merida,32,Poland,Handball
46,Tallie,Rockliffe,23,Argentina,Basketball
47,Keri,Scholar,38,Ecuador,Boxing
48,Chantalle,Reiner,27,Panama,Baseball
49,Walsh,Solman,38,Japan,Baseball
50,Teddi,Hugill,39,Germany,Basketball
51,Bo,Kilbey,30,Italy,Football
52,Michelina,Ponter,23,South Korea,Fencing
53,Dall,Drever,31,Belgium,Swimming
54,Arthur,Oaten,40,China,Boxing
55,Sidney,Eagleton,27,Poland,Handball
56,Vevay,Muehle,25,Ecuador,Golf
57,Arly,Petasch,30,Germany,Basketball
58,Eadith,Housden,26,Peru,Basketball
59,Cointon,Halesworth,34,Canada,Boxing
60,Mureil,Rasch,26,Denmark,Golf
61,Tove,Sloat,31,Ecuador,Football
62,Kirby,Tummasutti,20,New Zealand,Golf
63,Lilas,Storer,35,Italy,Golf
64,Bibi,Greenhalgh,24,Portugal,Baseball
65,Cullie,Corbyn,32,Saudi Arabia,Basketball
66,Vern,Gissing,18,Sweden,Golf
67,Jacquelyn,Cullin,19,South Korea,Swimming
68,Ruth,Grisedale,28,Senegal,Swimming
69,Haze,Wildash,31,Turkey,Fencing
70,Roth,Edinburough,24,Costa Rica,Fencing
71,Lynna,Denk,27,Colombia,Tennis
72,Avrit,Wilce,30,Japan,Tennis
73,Georgie,Walsom,33,Costa Rica,Volleyball
74,Marylee,Drowsfield,21,United Kingdom,Volleyball
75,Novelia,Jasiak,32,Uruguay,Handball
76,Dugald,Salvage,29,Germany,Boxing
77,Averyl,Arkley,22,Sweden,Swimming
78,Timmie,Nealy,31,China,Golf
79,Lulita,Mizzen,37,Russia,Volleyball
80,Mimi,Housden,36,Poland,Volleyball
81,Omero,Fulstow,40,United Kingdom,Tennis
82,Marnia,Haken,25,Saudi Arabia,Golf
83,Elise,Duckit,23,Peru,Golf
84,Roderic,Ondrasek,39,Australia,Basketball
85,Willi,Mangham,28,Ecuador,Boxing
86,Josee,Stiling,32,Egypt,Baseball
87,Ardelis,Carnelley,25,Nigeria,Volleyball
88,Ashley,Molian,23,France,Baseball
89,Aime,McShirrie,25,Panama,Golf
90,Barbey,McKilroe,23,Brazil,Basketball
91,Aldwin,Strover,28,Greece,Boxing
92,Wilburt,Scanlan,18,Mexico,Handball
93,Clementius,Bonham,23,United States,Baseball
94,Roobbie,Gittis,21,Serbia,Basketball
95,Gabey,Windebank,39,Serbia,Tennis
96,Cornelius,Ticksall,19,South Korea,Volleyball
97,Arabele,Dowda,27,Canada,Basketball
98,Daisi,Taillant,24,Greece,Tennis
99,Tyne,Baudains,18,Senegal,Volleyball
100,Josiah,Clell,20,Argentina,Baseball
101,Casie,Dobble,22,United States,Tennis
102,Cybil,Coxhell,38,Serbia,Fencing
103,Freeland,Finn,28,China,Tennis
104,Mattheus,Levi,21,Turkey,Fencing
105,Vanya,Vidyapin,28,Italy,Handball
106,Boycie,Loble,29,Portugal,Tennis
107,Lauralee,McElhinney,20,Russia,Golf
108,Lisle,Chrystal,21,Morocco,Fencing
109,Sisile,Exley,37,Sweden,Football
110,Kinnie,Jeanin,37,Japan,Football
111,Lesley,Kimberley,27,Belgium,Golf
112,Faydra,McGaugie,29,United States,Baseball
113,Janaye,Pettiford,37,Portugal,Football
114,Scarlet,Lusty,30,Nigeria,Volleyball
115,Fletch,Grindlay,25,Portugal,Tennis
116,Stepha,Lauchlan,18,Costa Rica,Swimming
117,Bell,Biernat,31,Tunisia,Boxing
118,Burg,Ingleson,27,Canada,Football
119,Natala,Friman,38,Argentina,Swimming
120,Laurette,Cosham,26,France,Boxing
121,Jacklyn,Pridham,38,New Zealand,Handball
122,Victoria,Alenshev,18,Sweden,Fencing
123,Hogan,Huck,35,Panama,Boxing
124,Ainsley,Terris,18,Belgium,Basketball
125,Casandra,Balam,20,Russia,Tennis
126,Tessy,Mitham,19,Iceland,Football
127,Mildred,Guilliatt,23,Tunisia,Fencing
128,Ivory,Rollins,20,Turkey,Fencing
129,Zack,Zannutti,39,Poland,Basketball
130,Sarine,Maharey,39,South Korea,Golf
131,Derby,Litherborough,19,Australia,Volleyball
132,Nanon,McCluney,18,Turkey,Swimming
133,Hulda,Waller-Bridge,21,South Korea,Volleyball
134,Sunny,Rowth,27,Sweden,Handball
135,Devland,MacChaell,39,South Korea,Basketball
136,Trixie,Cossentine,29,Costa Rica,Handball
137,Waring,Dabel,28,Morocco,Football
138,Finn,Osmint,23,Denmark,Volleyball
139,Curran,Juggings,24,Germany,Boxing
140,Mordy,Mynard,26,Brazil,Baseball
141,Alphonso,Sesser,19,Nigeria,Golf
142,Lanna,Bidgood,37,South Korea,Golf
143,Bidget,Geerdts,23,Greece,Boxing
144,Othilie,Finan,23,Egypt,Tennis
145,Nerty,Slaney,39,Costa Rica,Fencing
146,Hadria,Quirke,39,Portugal,Football
147,Birch,Peasey,39,Honduras,Fencing
148,Keriann,Frichley,39,New Zealand,Football
149,Ann,Shoutt,26,Morocco,Volleyball
150,Vance,Trehearne,40,Panama,Tennis
151,Harlin,Murricanes,23,Poland,Golf
152,Carissa,Beesey,28,China,Volleyball
153,Micaela,Cabel,26,France,Football
154,Zacharias,Dunnaway,23,Italy,Football
155,Antonina,Settle,37,United Kingdom,Boxing
156,Carlos,Genn,19,Italy,Fencing
157,Diannne,Breadon,25,Mexico,Basketball
158,Kamila,Snelgrove,23,Mexico,Swimming
159,Manuel,Matysik,18,Mexico,Fencing
160,Cynthea,Jillins,29,Serbia,Baseball
161,Maje,Haston,35,Tunisia,Boxing
162,Tucker,Lindores,24,Argentina,Fencing
163,Benedict,Quarmby,30,Ecuador,Tennis
164,Jacquenetta,Silley,36,France,Football
165,Son,Pate,26,Japan,Tennis
166,Erhard,Bendell,38,Egypt,Football
167,Dag,Idenden,38,United States,Volleyball
168,Olly,Shorthill,25,Egypt,Handball
169,Melisa,Patek,26,Sweden,Boxing
170,Billi,Thomtson,30,Argentina,Baseball
171,Moses,Vynall,28,Saudi Arabia,Basketball
172,Kattie,Barsam,26,Nigeria,Boxing
173,Jakob,Quenby,22,Spain,Golf
174,Brew,Agutter,33,Uruguay,Basketball
175,Norbert,Howchin,19,Morocco,Fencing
176,Yale,Messier,39,Iran,Handball
177,Thomasin,Bagwell,19,Iceland,Golf
178,Lindsey,Pounder,24,Japan,Boxing
179,Meghann,Simonazzi,38,Honduras,Fencing
180,Nelie,Caslett,32,Costa Rica,Baseball
181,Sibbie,Butterfill,21,Germany,Handball
182,Charline,Booi,37,Costa Rica,Swimming
183,Demeter,Wisdom,27,Sweden,Swimming
184,Crawford,Brittoner,40,Italy,Handball
185,Vanessa,Crenage,29,Egypt,Fencing
186,Anet,Jellman,28,Switzerland,Swimming
187,Clyve,Figgures,31,Canada,Baseball
188,Stephan,Tolotti,20,Germany,Football
189,Brita,Baudet,24,Iceland,Volleyball
190,Alina,Nyssens,33,Iceland,Volleyball
191,Maurits,Lefwich,31,Morocco,Handball
192,Julee,Mieville,22,Canada,Baseball
193,Nickolai,Davidovic,23,Greece,Tennis
194,Hillier,Jeune,25,Germany,Golf
195,Valli,Du Pre,31,Spain,Fencing
196,Britte,Farnin,27,Turkey,Golf
197,Kerri,Garci,23,Serbia,Fencing
198,Gino,Probey,22,Sweden,Boxing
199,Mauricio,Bignall,33,Poland,Swimming
200,Rayner,McBean,27,Croatia,Baseball
201,Prinz,Jerosch,32,Senegal,Boxing
202,Christoffer,Rosenstengel,23,Panama,Volleyball
203,Constancia,Tomas,40,Senegal,Fencing
204,Caroljean,Coey,24,Iceland,Volleyball
205,Jesse,Gronno,36,Senegal,Handball
206,Vi,Spreull,34,Senegal,Handball
207,Verge,Hussell,31,China,Football
208,Nye,Hattigan,19,Italy,Volleyball
209,Burgess,Higginbottam,21,Japan,Baseball
210,Jordana,Reford,26,Serbia,Tennis
211,Sonnie,Warrier,19,Russia,Football
212,Kimball,Wride,20,Iran,Boxing
213,Skippy,le Keux,20,Germany,Baseball
214,Barris,Rickards,30,Switzerland,Fencing
215,Artair,Ormrod,39,Italy,Swimming
216,Delores,Picard,37,Egypt,Golf
217,Lise,Rushbrook,29,New Zealand,Basketball
218,Tam,Rickesies,39,Senegal,Tennis
219,Lydie,Docharty,28,Mexico,Swimming
220,Lindsay,Fawdry,34,Japan,Handball
221,Ranice,Oleszkiewicz,26,Saudi Arabia,Handball
222,Julian,Foli,29,Panama,Boxing
223,Janene,Nipper,28,Belgium,Volleyball
224,Georgina,Ambrogioni,31,Morocco,Football
225,Layne,Bettington,22,Iran,Boxing
226,Sheryl,England,21,Egypt,Swimming
227,Sal,Spottiswood,32,Brazil,Football
228,Rosalynd,Agg,19,Switzerland,Baseball
229,Billy,Spencook,24,Nigeria,Tennis
230,Godart,Favelle,28,Switzerland,Basketball
231,Dela,Bibby,21,Turkey,Golf
232,Aldric,Liddell,19,Costa Rica,Basketball
233,Cherey,Gregan,30,Nigeria,Baseball
234,Julienne,Klezmski,26,United States,Basketball
235,Westley,Winship,18,Panama,Golf
236,Petr,Fosserd,40,Colombia,Boxing
237,Mile,Arent,22,Greece,Handball
238,Mervin,Hambrick,22,China,Golf
239,Ettore,Drugan,26,Croatia,Handball
240,Loretta,Rivaland,38,Iran,Volleyball
241,Michaelina,Sowerbutts,22,Germany,Volleyball
242,Zarla,Simmonite,33,Honduras,Swimming
243,Shelia,Slucock,34,Belgium,Golf
244,Monah,Cuniam,38,United States,Fencing
245,Pierce,Roder,26,Nigeria,Fencing
246,Rici,Kwietek,28,Nigeria,Tennis
247,Pietro,Aldins,33,Iceland,Tennis
248,Hinze,Jarville,35,Iceland,Volleyball
249,Leese,Mauro,25,Australia,Handball
250,Garwood,Oluwatoyin,23,Tunisia,Boxing
